n,solution_found,nodes_explored,time_seconds
8,True,55,0.0001581999968038872
16,True,2724,0.008446199994068593
