n,solution_found,nodes_explored,time_seconds
8,True,27,0.00017619998834561557
16,True,307,0.0022298999974736944
