n,solution_found,nodes_explored,time_seconds
8,True,876,6.44000101601705e-05
16,True,160712,0.008677300007548183
