n,solution_found,nodes_explored,time_seconds
8,True,83,0.00010960000508930534
16,True,48,0.00015529998927377164
