N,BT_solution_found,BT_nodes,BT_time,SA_success_rate,SA_avg_steps_success,SA_avg_time_success,GA_success_rate,GA_avg_gen_success,GA_avg_time_success,GA_pop_size,GA_max_gen,GA_pm,GA_pc,GA_tournament_size
8,1,876,8.988380432128906e-05,0.95,572.9473684210526,0.0013394983191239206,0.25,45.4,0.009934425354003906,50,160,0.1,0.8,3
16,1,160712,0.009670257568359375,0.65,2255.153846153846,0.017317423453697793,0.15,172,0.16396196683247885,64,320,0.15,0.8,3
24,1,9878316,0.5567500591278076,0.6,3261.75,0.05369673172632853,0.0,,,96,360,0.1,0.8,3
