N,BT_solution_found,BT_nodes,BT_time,SA_success_rate,SA_avg_steps_success,SA_avg_time_success,GA_success_rate,GA_avg_gen_success,GA_avg_time_success,GA_pop_size,GA_max_gen,GA_pm,GA_pc,GA_tournament_size
8,1,876,7.700920104980469e-05,1.0,880.85,0.00666046142578125,0.7,12.285714285714286,0.026857086590358188,128,240,0.1,0.8,3
16,1,160712,0.0160672664642334,0.85,2610.235294117647,0.04075096635257497,0.25,258.4,1.0394342422485352,128,800,0.15,0.8,3
24,1,9878316,0.5973958969116211,0.65,3771.230769230769,0.06334233283996582,0.15,193.66666666666666,3.2588675022125244,384,720,0.1,0.8,3
